{"index": 10125, "prediction": 2}
{"index": 10525, "prediction": 2}
{"index": 11286, "prediction": 1}
{"index": 11436, "prediction": 0}
{"index": 12139, "prediction": 2}
{"index": 12141, "prediction": 2}
{"index": 12358, "prediction": 1}
{"index": 12420, "prediction": 2}
{"index": 12434, "prediction": 2}
{"index": 13649, "prediction": 1}
{"index": 13660, "prediction": 2}
{"index": 14062, "prediction": 2}
{"index": 14239, "prediction": 1}
{"index": 14479, "prediction": 2}
{"index": 14794, "prediction": 2}
{"index": 15108, "prediction": 2}
{"index": 16296, "prediction": 0}
{"index": 16601, "prediction": 2}
{"index": 18003, "prediction": 2}
{"index": 19153, "prediction": 2}
{"index": 19446, "prediction": 2}
{"index": 19597, "prediction": 2}
{"index": 20482, "prediction": 2}
{"index": 20569, "prediction": 1}
{"index": 20907, "prediction": 1}
{"index": 20955, "prediction": 1}
{"index": 21116, "prediction": 2}
{"index": 21394, "prediction": 2}
{"index": 22043, "prediction": 1}
{"index": 22138, "prediction": 1}
{"index": 22924, "prediction": 0}
{"index": 22943, "prediction": 2}
{"index": 23429, "prediction": 2}
{"index": 23962, "prediction": 1}
{"index": 25006, "prediction": 1}
{"index": 25153, "prediction": 1}
{"index": 25164, "prediction": 2}
{"index": 25179, "prediction": 2}
{"index": 25981, "prediction": 2}
{"index": 26682, "prediction": 1}
{"index": 27005, "prediction": 1}
{"index": 27405, "prediction": 2}
{"index": 27492, "prediction": 1}
{"index": 27653, "prediction": 2}
{"index": 27728, "prediction": 2}
{"index": 27918, "prediction": 2}
{"index": 29457, "prediction": 2}
{"index": 29690, "prediction": 1}
{"index": 29797, "prediction": 2}
{"index": 30164, "prediction": 2}
{"index": 30910, "prediction": 2}
{"index": 31851, "prediction": 2}
{"index": 32462, "prediction": 2}
{"index": 33282, "prediction": 2}
{"index": 33288, "prediction": 2}
{"index": 33833, "prediction": 2}
{"index": 34005, "prediction": 1}
{"index": 34427, "prediction": 0}
{"index": 34681, "prediction": 2}
{"index": 35249, "prediction": 2}
{"index": 35856, "prediction": 2}
{"index": 35865, "prediction": 2}
{"index": 35908, "prediction": 2}
{"index": 36205, "prediction": 1}
{"index": 36944, "prediction": 2}
{"index": 37578, "prediction": 2}
{"index": 38054, "prediction": 0}
{"index": 38182, "prediction": 2}
{"index": 38986, "prediction": 2}
{"index": 39426, "prediction": 1}
{"index": 39667, "prediction": 2}
{"index": 40455, "prediction": 1}
{"index": 40808, "prediction": 1}
{"index": 41099, "prediction": 2}
{"index": 42104, "prediction": 2}
{"index": 42111, "prediction": 1}
{"index": 42723, "prediction": 0}
{"index": 42899, "prediction": 1}
{"index": 43450, "prediction": 0}
{"index": 44379, "prediction": 1}
{"index": 44582, "prediction": 2}
{"index": 45061, "prediction": 2}
{"index": 45076, "prediction": 1}
{"index": 45744, "prediction": 1}
{"index": 46165, "prediction": 2}
{"index": 46955, "prediction": 2}
{"index": 48915, "prediction": 1}
{"index": 49007, "prediction": 1}
{"index": 49092, "prediction": 1}
{"index": 49254, "prediction": 2}
{"index": 49353, "prediction": 0}
{"index": 49428, "prediction": 1}
{"index": 49577, "prediction": 2}
{"index": 50090, "prediction": 1}
{"index": 50145, "prediction": 2}
{"index": 50473, "prediction": 1}
{"index": 50585, "prediction": 2}
{"index": 50793, "prediction": 1}
{"index": 50898, "prediction": 1}
{"index": 51239, "prediction": 1}
{"index": 51333, "prediction": 2}
{"index": 51808, "prediction": 1}
{"index": 51903, "prediction": 1}
{"index": 52801, "prediction": 2}
{"index": 54257, "prediction": 1}
{"index": 54412, "prediction": 0}
{"index": 54605, "prediction": 2}
{"index": 54688, "prediction": 2}
{"index": 54690, "prediction": 1}
{"index": 54868, "prediction": 0}
{"index": 55644, "prediction": 1}
{"index": 57266, "prediction": 0}
{"index": 58032, "prediction": 2}
{"index": 58767, "prediction": 2}
{"index": 58793, "prediction": 2}
{"index": 60541, "prediction": 1}
{"index": 61273, "prediction": 2}
{"index": 61346, "prediction": 1}
{"index": 61513, "prediction": 1}
{"index": 62001, "prediction": 1}
{"index": 63274, "prediction": 1}
{"index": 63409, "prediction": 2}
{"index": 64067, "prediction": 2}
{"index": 64116, "prediction": 1}
{"index": 64780, "prediction": 2}
{"index": 64907, "prediction": 1}
{"index": 65011, "prediction": 2}
{"index": 65356, "prediction": 2}
{"index": 65785, "prediction": 1}
{"index": 66152, "prediction": 1}
{"index": 66233, "prediction": 2}
{"index": 66450, "prediction": 2}
{"index": 66495, "prediction": 2}
{"index": 66544, "prediction": 2}
{"index": 66571, "prediction": 1}
{"index": 67206, "prediction": 2}
{"index": 67632, "prediction": 2}
{"index": 67654, "prediction": 1}
{"index": 67754, "prediction": 1}
{"index": 68100, "prediction": 1}
{"index": 68189, "prediction": 0}
{"index": 68747, "prediction": 2}
{"index": 68748, "prediction": 1}
{"index": 69225, "prediction": 1}
{"index": 69634, "prediction": 1}
{"index": 69791, "prediction": 2}
{"index": 70201, "prediction": 1}
{"index": 70265, "prediction": 1}
{"index": 70402, "prediction": 2}
{"index": 70457, "prediction": 2}
{"index": 70836, "prediction": 1}
{"index": 70898, "prediction": 2}
{"index": 71099, "prediction": 1}
{"index": 71271, "prediction": 2}
{"index": 71615, "prediction": 2}
{"index": 71624, "prediction": 2}
{"index": 72106, "prediction": 2}
{"index": 72681, "prediction": 1}
{"index": 72704, "prediction": 2}
{"index": 72878, "prediction": 0}
{"index": 72942, "prediction": 2}
{"index": 73206, "prediction": 1}
{"index": 73812, "prediction": 1}
{"index": 74227, "prediction": 1}
{"index": 74294, "prediction": 2}
{"index": 75456, "prediction": 2}
{"index": 75499, "prediction": 2}
{"index": 75704, "prediction": 2}
{"index": 76897, "prediction": 1}
{"index": 77110, "prediction": 1}
{"index": 77344, "prediction": 0}
{"index": 78124, "prediction": 1}
{"index": 78573, "prediction": 2}
{"index": 79527, "prediction": 2}
{"index": 79655, "prediction": 2}
{"index": 79940, "prediction": 1}
{"index": 79959, "prediction": 0}
{"index": 80299, "prediction": 2}
{"index": 80664, "prediction": 2}
{"index": 80985, "prediction": 1}
{"index": 81598, "prediction": 1}
{"index": 82116, "prediction": 1}
{"index": 82482, "prediction": 2}
{"index": 82970, "prediction": 1}
{"index": 83055, "prediction": 1}
{"index": 83106, "prediction": 1}
{"index": 83254, "prediction": 1}
{"index": 83582, "prediction": 2}
{"index": 83605, "prediction": 0}
{"index": 83848, "prediction": 2}
{"index": 83981, "prediction": 2}
{"index": 84130, "prediction": 2}
{"index": 84811, "prediction": 2}
{"index": 85340, "prediction": 2}
{"index": 85365, "prediction": 2}
{"index": 85902, "prediction": 2}
{"index": 86156, "prediction": 2}
{"index": 86199, "prediction": 1}
{"index": 86245, "prediction": 2}
{"index": 86303, "prediction": 1}
{"index": 86305, "prediction": 1}
{"index": 86408, "prediction": 1}
{"index": 86829, "prediction": 0}
{"index": 87544, "prediction": 1}
{"index": 87669, "prediction": 2}
{"index": 87899, "prediction": 1}
{"index": 88046, "prediction": 1}
{"index": 88048, "prediction": 2}
{"index": 88608, "prediction": 1}
{"index": 89085, "prediction": 2}
{"index": 89813, "prediction": 1}
{"index": 89896, "prediction": 1}
{"index": 89940, "prediction": 1}
{"index": 90881, "prediction": 2}
{"index": 92125, "prediction": 2}
{"index": 92459, "prediction": 1}
{"index": 93056, "prediction": 2}
{"index": 93159, "prediction": 0}
{"index": 93303, "prediction": 2}
{"index": 93377, "prediction": 1}
{"index": 93446, "prediction": 2}
{"index": 93761, "prediction": 1}
{"index": 94399, "prediction": 1}
{"index": 94467, "prediction": 2}
{"index": 94878, "prediction": 2}
{"index": 94917, "prediction": 1}
{"index": 95279, "prediction": 0}
{"index": 95473, "prediction": 1}
{"index": 95860, "prediction": 1}
{"index": 96127, "prediction": 2}
{"index": 96424, "prediction": 0}
{"index": 96440, "prediction": 2}
{"index": 96625, "prediction": 1}
{"index": 96636, "prediction": 1}
{"index": 97127, "prediction": 1}
{"index": 97380, "prediction": 0}
{"index": 97508, "prediction": 0}
{"index": 97985, "prediction": 2}
{"index": 98310, "prediction": 2}
{"index": 99145, "prediction": 1}
{"index": 99821, "prediction": 2}
{"index": 99933, "prediction": 2}