{"index": 10113, "prediction": 1}
{"index": 10165, "prediction": 1}
{"index": 10287, "prediction": 0}
{"index": 10443, "prediction": 0}
{"index": 10532, "prediction": 0}
{"index": 10708, "prediction": 1}
{"index": 10760, "prediction": 0}
{"index": 11066, "prediction": 1}
{"index": 11105, "prediction": 1}
{"index": 11224, "prediction": 0}
{"index": 11531, "prediction": 0}
{"index": 11607, "prediction": 1}
{"index": 12073, "prediction": 0}
{"index": 12129, "prediction": 0}
{"index": 12207, "prediction": 0}
{"index": 12515, "prediction": 1}
{"index": 12539, "prediction": 1}
{"index": 12641, "prediction": 0}
{"index": 12733, "prediction": 0}
{"index": 12799, "prediction": 1}
{"index": 12847, "prediction": 0}
{"index": 12886, "prediction": 1}
{"index": 12947, "prediction": 1}
{"index": 13300, "prediction": 1}
{"index": 13593, "prediction": 0}
{"index": 13740, "prediction": 1}
{"index": 14208, "prediction": 1}
{"index": 14269, "prediction": 0}
{"index": 14408, "prediction": 1}
{"index": 14445, "prediction": 1}
{"index": 14828, "prediction": 0}
{"index": 14891, "prediction": 1}
{"index": 15022, "prediction": 1}
{"index": 15256, "prediction": 1}
{"index": 15673, "prediction": 0}
{"index": 15873, "prediction": 1}
{"index": 16114, "prediction": 1}
{"index": 16173, "prediction": 0}
{"index": 16478, "prediction": 0}
{"index": 16514, "prediction": 0}
{"index": 16751, "prediction": 0}
{"index": 17024, "prediction": 0}
{"index": 17078, "prediction": 1}
{"index": 17223, "prediction": 0}
{"index": 17516, "prediction": 0}
{"index": 17590, "prediction": 1}
{"index": 17700, "prediction": 1}
{"index": 17930, "prediction": 1}
{"index": 18381, "prediction": 0}
{"index": 18382, "prediction": 1}
{"index": 18797, "prediction": 1}
{"index": 19000, "prediction": 0}
{"index": 19054, "prediction": 1}
{"index": 19344, "prediction": 0}
{"index": 19438, "prediction": 1}
{"index": 19499, "prediction": 0}
{"index": 19999, "prediction": 1}
{"index": 20095, "prediction": 0}
{"index": 20113, "prediction": 0}
{"index": 20425, "prediction": 1}
{"index": 20496, "prediction": 0}
{"index": 20534, "prediction": 1}
{"index": 20586, "prediction": 0}
{"index": 21069, "prediction": 0}
{"index": 21300, "prediction": 0}
{"index": 21529, "prediction": 0}
{"index": 21659, "prediction": 1}
{"index": 22011, "prediction": 1}
{"index": 22155, "prediction": 1}
{"index": 22171, "prediction": 0}
{"index": 22186, "prediction": 0}
{"index": 22700, "prediction": 0}
{"index": 22764, "prediction": 1}
{"index": 22798, "prediction": 0}
{"index": 22935, "prediction": 1}
{"index": 23204, "prediction": 1}
{"index": 23244, "prediction": 1}
{"index": 23635, "prediction": 1}
{"index": 23784, "prediction": 1}
{"index": 24189, "prediction": 0}
{"index": 24619, "prediction": 1}
{"index": 24639, "prediction": 1}
{"index": 24668, "prediction": 1}
{"index": 24831, "prediction": 0}
{"index": 25159, "prediction": 1}
{"index": 25271, "prediction": 0}
{"index": 25319, "prediction": 0}
{"index": 25432, "prediction": 0}
{"index": 26225, "prediction": 0}
{"index": 26930, "prediction": 1}
{"index": 27391, "prediction": 1}
{"index": 27797, "prediction": 1}
{"index": 28024, "prediction": 0}
{"index": 28215, "prediction": 0}
{"index": 28395, "prediction": 1}
{"index": 28757, "prediction": 1}
{"index": 29545, "prediction": 0}
{"index": 29962, "prediction": 0}
{"index": 30096, "prediction": 1}
{"index": 30517, "prediction": 1}
{"index": 30602, "prediction": 1}
{"index": 31017, "prediction": 1}
{"index": 31173, "prediction": 1}
{"index": 31236, "prediction": 0}
{"index": 31240, "prediction": 0}
{"index": 31272, "prediction": 0}
{"index": 31333, "prediction": 1}
{"index": 31565, "prediction": 0}
{"index": 31838, "prediction": 0}
{"index": 31862, "prediction": 1}
{"index": 32079, "prediction": 0}
{"index": 32111, "prediction": 1}
{"index": 32492, "prediction": 1}
{"index": 32666, "prediction": 1}
{"index": 32698, "prediction": 0}
{"index": 32722, "prediction": 0}
{"index": 33227, "prediction": 0}
{"index": 33421, "prediction": 1}
{"index": 33660, "prediction": 0}
{"index": 33702, "prediction": 1}
{"index": 33715, "prediction": 1}
{"index": 33769, "prediction": 0}
{"index": 34093, "prediction": 1}
{"index": 34101, "prediction": 1}
{"index": 34339, "prediction": 1}
{"index": 34542, "prediction": 1}
{"index": 34628, "prediction": 0}
{"index": 34846, "prediction": 1}
{"index": 34950, "prediction": 0}
{"index": 35083, "prediction": 0}
{"index": 35106, "prediction": 1}
{"index": 35215, "prediction": 1}
{"index": 35237, "prediction": 0}
{"index": 35489, "prediction": 0}
{"index": 35531, "prediction": 1}
{"index": 35727, "prediction": 1}
{"index": 35885, "prediction": 0}
{"index": 35992, "prediction": 1}
{"index": 36419, "prediction": 1}
{"index": 36577, "prediction": 1}
{"index": 36696, "prediction": 0}
{"index": 36709, "prediction": 0}
{"index": 36802, "prediction": 1}
{"index": 36817, "prediction": 1}
{"index": 36838, "prediction": 1}
{"index": 37202, "prediction": 1}
{"index": 37299, "prediction": 0}
{"index": 37302, "prediction": 0}
{"index": 37475, "prediction": 0}
{"index": 37961, "prediction": 1}
{"index": 38605, "prediction": 1}
{"index": 39301, "prediction": 1}
{"index": 39393, "prediction": 1}
{"index": 39563, "prediction": 1}
{"index": 40223, "prediction": 1}
{"index": 40439, "prediction": 1}
{"index": 40491, "prediction": 0}
{"index": 41224, "prediction": 1}
{"index": 41341, "prediction": 1}
{"index": 41406, "prediction": 1}
{"index": 41783, "prediction": 1}
{"index": 41809, "prediction": 0}
{"index": 42309, "prediction": 1}
{"index": 42719, "prediction": 1}
{"index": 42786, "prediction": 0}
{"index": 43091, "prediction": 1}
{"index": 43322, "prediction": 0}
{"index": 43559, "prediction": 0}
{"index": 43640, "prediction": 0}
{"index": 44977, "prediction": 1}
{"index": 45074, "prediction": 0}
{"index": 45220, "prediction": 0}
{"index": 45940, "prediction": 1}
{"index": 45962, "prediction": 0}
{"index": 46144, "prediction": 1}
{"index": 46250, "prediction": 1}
{"index": 46330, "prediction": 1}
{"index": 46716, "prediction": 0}
{"index": 46856, "prediction": 1}
{"index": 47054, "prediction": 1}
{"index": 47181, "prediction": 0}
{"index": 47215, "prediction": 1}
{"index": 47303, "prediction": 0}
{"index": 47809, "prediction": 1}
{"index": 47904, "prediction": 0}
{"index": 47932, "prediction": 0}
{"index": 48187, "prediction": 0}
{"index": 48280, "prediction": 0}
{"index": 48285, "prediction": 1}
{"index": 48300, "prediction": 0}
{"index": 48368, "prediction": 0}
{"index": 49003, "prediction": 1}
{"index": 49022, "prediction": 0}
{"index": 49059, "prediction": 1}
{"index": 49225, "prediction": 0}
{"index": 50126, "prediction": 1}
{"index": 50141, "prediction": 1}
{"index": 50324, "prediction": 0}
{"index": 50530, "prediction": 0}
{"index": 50780, "prediction": 1}
{"index": 50787, "prediction": 0}
{"index": 50808, "prediction": 0}
{"index": 51168, "prediction": 0}
{"index": 51302, "prediction": 0}
{"index": 51378, "prediction": 0}
{"index": 51408, "prediction": 1}
{"index": 51455, "prediction": 1}
{"index": 51462, "prediction": 0}
{"index": 51618, "prediction": 0}
{"index": 51936, "prediction": 0}
{"index": 52137, "prediction": 1}
{"index": 52153, "prediction": 0}
{"index": 52209, "prediction": 0}
{"index": 52627, "prediction": 0}
{"index": 52907, "prediction": 0}
{"index": 52961, "prediction": 1}
{"index": 52971, "prediction": 0}
{"index": 52972, "prediction": 0}
{"index": 53158, "prediction": 1}
{"index": 53426, "prediction": 0}
{"index": 53430, "prediction": 0}
{"index": 53721, "prediction": 1}
{"index": 53814, "prediction": 1}
{"index": 53861, "prediction": 0}
{"index": 53867, "prediction": 1}
{"index": 54422, "prediction": 1}
{"index": 54867, "prediction": 1}
{"index": 54924, "prediction": 1}
{"index": 54933, "prediction": 0}
{"index": 55000, "prediction": 0}
{"index": 55082, "prediction": 1}
{"index": 55384, "prediction": 1}
{"index": 56302, "prediction": 1}
{"index": 56499, "prediction": 0}
{"index": 56560, "prediction": 1}
{"index": 56977, "prediction": 0}
{"index": 57072, "prediction": 1}
{"index": 57408, "prediction": 0}
{"index": 57755, "prediction": 0}
{"index": 57838, "prediction": 0}
{"index": 57977, "prediction": 0}
{"index": 58075, "prediction": 0}
{"index": 58178, "prediction": 1}
{"index": 58218, "prediction": 1}
{"index": 58231, "prediction": 1}
{"index": 58452, "prediction": 0}
{"index": 58497, "prediction": 1}
{"index": 58543, "prediction": 1}
{"index": 58701, "prediction": 1}
{"index": 59119, "prediction": 0}
{"index": 59253, "prediction": 1}
{"index": 59573, "prediction": 0}
{"index": 59695, "prediction": 1}
{"index": 59930, "prediction": 1}
{"index": 59947, "prediction": 0}
{"index": 60153, "prediction": 0}
{"index": 60188, "prediction": 1}
{"index": 60384, "prediction": 0}
{"index": 60433, "prediction": 0}
{"index": 60686, "prediction": 0}
{"index": 60975, "prediction": 1}
{"index": 61072, "prediction": 0}
{"index": 61649, "prediction": 1}
{"index": 61814, "prediction": 1}
{"index": 62008, "prediction": 0}
{"index": 62049, "prediction": 1}
{"index": 62125, "prediction": 0}
{"index": 62168, "prediction": 0}
{"index": 62424, "prediction": 1}
{"index": 62481, "prediction": 1}
{"index": 62703, "prediction": 1}
{"index": 62826, "prediction": 1}
{"index": 62872, "prediction": 1}
{"index": 62937, "prediction": 0}
{"index": 63067, "prediction": 0}
{"index": 64882, "prediction": 0}
{"index": 65115, "prediction": 1}
{"index": 65137, "prediction": 1}
{"index": 65153, "prediction": 0}
{"index": 65603, "prediction": 1}
{"index": 66113, "prediction": 0}
{"index": 66287, "prediction": 1}
{"index": 66569, "prediction": 1}
{"index": 66699, "prediction": 0}
{"index": 66844, "prediction": 0}
{"index": 67523, "prediction": 1}
{"index": 67528, "prediction": 1}
{"index": 67929, "prediction": 1}
{"index": 67972, "prediction": 0}
{"index": 68161, "prediction": 0}
{"index": 68180, "prediction": 0}
{"index": 68213, "prediction": 0}
{"index": 68341, "prediction": 1}
{"index": 68947, "prediction": 1}
{"index": 69093, "prediction": 0}
{"index": 69159, "prediction": 1}
{"index": 69513, "prediction": 0}
{"index": 69966, "prediction": 1}
{"index": 70016, "prediction": 1}
{"index": 70215, "prediction": 1}
{"index": 70652, "prediction": 0}
{"index": 70896, "prediction": 1}
{"index": 71082, "prediction": 1}
{"index": 71122, "prediction": 0}
{"index": 71267, "prediction": 0}
{"index": 71498, "prediction": 0}
{"index": 71620, "prediction": 0}
{"index": 72082, "prediction": 1}
{"index": 72168, "prediction": 0}
{"index": 72345, "prediction": 0}
{"index": 73073, "prediction": 1}
{"index": 73214, "prediction": 0}
{"index": 73361, "prediction": 0}
{"index": 73454, "prediction": 0}
{"index": 73961, "prediction": 1}
{"index": 74279, "prediction": 1}
{"index": 74337, "prediction": 1}
{"index": 74583, "prediction": 0}
{"index": 74723, "prediction": 0}
{"index": 74982, "prediction": 0}
{"index": 75108, "prediction": 1}
{"index": 75278, "prediction": 0}
{"index": 75316, "prediction": 1}
{"index": 75493, "prediction": 0}
{"index": 75494, "prediction": 0}
{"index": 75567, "prediction": 0}
{"index": 75574, "prediction": 0}
{"index": 75718, "prediction": 1}
{"index": 75917, "prediction": 1}
{"index": 75958, "prediction": 0}
{"index": 76211, "prediction": 0}
{"index": 77014, "prediction": 0}
{"index": 77192, "prediction": 1}
{"index": 77277, "prediction": 1}
{"index": 77520, "prediction": 0}
{"index": 77666, "prediction": 0}
{"index": 77720, "prediction": 1}
{"index": 78214, "prediction": 1}
{"index": 78737, "prediction": 1}
{"index": 78894, "prediction": 1}
{"index": 78955, "prediction": 1}
{"index": 79275, "prediction": 0}
{"index": 79496, "prediction": 0}
{"index": 79683, "prediction": 1}
{"index": 79942, "prediction": 1}
{"index": 79975, "prediction": 1}
{"index": 80320, "prediction": 0}
{"index": 80343, "prediction": 0}
{"index": 80572, "prediction": 1}
{"index": 80780, "prediction": 1}
{"index": 80882, "prediction": 0}
{"index": 81797, "prediction": 0}
{"index": 82007, "prediction": 0}
{"index": 82114, "prediction": 1}
{"index": 82402, "prediction": 1}
{"index": 82792, "prediction": 1}
{"index": 82806, "prediction": 0}
{"index": 83116, "prediction": 1}
{"index": 83126, "prediction": 0}
{"index": 83273, "prediction": 0}
{"index": 83498, "prediction": 0}
{"index": 83662, "prediction": 1}
{"index": 83915, "prediction": 0}
{"index": 83966, "prediction": 1}
{"index": 84253, "prediction": 0}
{"index": 84324, "prediction": 0}
{"index": 84640, "prediction": 1}
{"index": 84780, "prediction": 0}
{"index": 85178, "prediction": 0}
{"index": 85261, "prediction": 0}
{"index": 85269, "prediction": 1}
{"index": 85387, "prediction": 1}
{"index": 85500, "prediction": 0}
{"index": 85513, "prediction": 0}
{"index": 85518, "prediction": 1}
{"index": 85902, "prediction": 0}
{"index": 86395, "prediction": 1}
{"index": 86446, "prediction": 0}
{"index": 86750, "prediction": 1}
{"index": 87054, "prediction": 1}
{"index": 87381, "prediction": 1}
{"index": 87449, "prediction": 0}
{"index": 87698, "prediction": 0}
{"index": 87708, "prediction": 0}
{"index": 87927, "prediction": 1}
{"index": 88179, "prediction": 0}
{"index": 88844, "prediction": 0}
{"index": 88916, "prediction": 1}
{"index": 89281, "prediction": 0}
{"index": 89306, "prediction": 1}
{"index": 89311, "prediction": 1}
{"index": 89504, "prediction": 0}
{"index": 89541, "prediction": 0}
{"index": 89938, "prediction": 1}
{"index": 90297, "prediction": 1}
{"index": 90657, "prediction": 1}
{"index": 90722, "prediction": 1}
{"index": 91212, "prediction": 1}
{"index": 91222, "prediction": 0}
{"index": 91370, "prediction": 1}
{"index": 91604, "prediction": 1}
{"index": 91863, "prediction": 1}
{"index": 92097, "prediction": 0}
{"index": 92300, "prediction": 0}
{"index": 92343, "prediction": 0}
{"index": 92391, "prediction": 0}
{"index": 92568, "prediction": 1}
{"index": 93155, "prediction": 0}
{"index": 93226, "prediction": 1}
{"index": 93790, "prediction": 0}
{"index": 93817, "prediction": 1}
{"index": 94175, "prediction": 1}
{"index": 94308, "prediction": 0}
{"index": 94332, "prediction": 0}
{"index": 94492, "prediction": 1}
{"index": 94567, "prediction": 1}
{"index": 95476, "prediction": 0}
{"index": 95570, "prediction": 0}
{"index": 95700, "prediction": 0}
{"index": 96004, "prediction": 1}
{"index": 96038, "prediction": 1}
{"index": 96160, "prediction": 0}
{"index": 96925, "prediction": 1}
{"index": 97357, "prediction": 1}
{"index": 97386, "prediction": 1}
{"index": 97423, "prediction": 1}
{"index": 97555, "prediction": 0}
{"index": 97572, "prediction": 1}
{"index": 97575, "prediction": 0}
{"index": 97695, "prediction": 1}
{"index": 97732, "prediction": 1}
{"index": 97832, "prediction": 1}
{"index": 98063, "prediction": 1}
{"index": 98203, "prediction": 0}
{"index": 98286, "prediction": 0}
{"index": 98934, "prediction": 0}
{"index": 99118, "prediction": 0}
{"index": 99164, "prediction": 0}
{"index": 99353, "prediction": 1}
{"index": 99743, "prediction": 1}
{"index": 99744, "prediction": 0}
{"index": 99764, "prediction": 1}
{"index": 99828, "prediction": 1}